timestamp,temperature_c,precipitation_mm,date,hour,is_raining
2026-05-21 00:00:00,13.4,0.0,2026-05-21,0,False
2026-05-21 01:00:00,12.8,0.0,2026-05-21,1,False
2026-05-21 02:00:00,12.5,0.0,2026-05-21,2,False
2026-05-21 03:00:00,12.1,0.0,2026-05-21,3,False
2026-05-21 04:00:00,11.7,0.0,2026-05-21,4,False
2026-05-21 05:00:00,12.0,0.0,2026-05-21,5,False
2026-05-21 06:00:00,13.4,0.0,2026-05-21,6,False
2026-05-21 07:00:00,15.0,0.0,2026-05-21,7,False
2026-05-21 08:00:00,16.7,0.0,2026-05-21,8,False
2026-05-21 09:00:00,18.1,0.0,2026-05-21,9,False
2026-05-21 10:00:00,19.0,0.0,2026-05-21,10,False
2026-05-21 11:00:00,19.5,0.0,2026-05-21,11,False
2026-05-21 12:00:00,20.1,0.0,2026-05-21,12,False
2026-05-21 13:00:00,20.4,0.0,2026-05-21,13,False
2026-05-21 14:00:00,19.8,0.0,2026-05-21,14,False
2026-05-21 15:00:00,19.9,0.0,2026-05-21,15,False
2026-05-21 16:00:00,20.0,0.0,2026-05-21,16,False
2026-05-21 17:00:00,19.3,0.0,2026-05-21,17,False
2026-05-21 18:00:00,19.1,0.0,2026-05-21,18,False
2026-05-21 19:00:00,18.4,0.0,2026-05-21,19,False
2026-05-21 20:00:00,17.3,0.0,2026-05-21,20,False
2026-05-21 21:00:00,16.4,0.0,2026-05-21,21,False
2026-05-21 22:00:00,15.6,0.0,2026-05-21,22,False
2026-05-21 23:00:00,15.1,0.0,2026-05-21,23,False
2026-05-22 00:00:00,14.7,0.0,2026-05-22,0,False
2026-05-22 01:00:00,14.7,0.0,2026-05-22,1,False
2026-05-22 02:00:00,14.5,0.0,2026-05-22,2,False
2026-05-22 03:00:00,14.3,0.0,2026-05-22,3,False
2026-05-22 04:00:00,14.2,0.0,2026-05-22,4,False
2026-05-22 05:00:00,14.7,0.0,2026-05-22,5,False
2026-05-22 06:00:00,15.8,0.0,2026-05-22,6,False
2026-05-22 07:00:00,17.1,0.0,2026-05-22,7,False
2026-05-22 08:00:00,18.3,0.0,2026-05-22,8,False
2026-05-22 09:00:00,19.6,0.0,2026-05-22,9,False
2026-05-22 10:00:00,20.6,0.0,2026-05-22,10,False
2026-05-22 11:00:00,21.4,0.0,2026-05-22,11,False
2026-05-22 12:00:00,21.5,0.0,2026-05-22,12,False
2026-05-22 13:00:00,22.4,0.0,2026-05-22,13,False
2026-05-22 14:00:00,22.5,0.0,2026-05-22,14,False
2026-05-22 15:00:00,22.8,0.0,2026-05-22,15,False
2026-05-22 16:00:00,22.9,0.0,2026-05-22,16,False
2026-05-22 17:00:00,22.5,0.0,2026-05-22,17,False
2026-05-22 18:00:00,22.1,0.0,2026-05-22,18,False
2026-05-22 19:00:00,21.4,0.0,2026-05-22,19,False
2026-05-22 20:00:00,20.1,0.0,2026-05-22,20,False
2026-05-22 21:00:00,19.1,0.0,2026-05-22,21,False
2026-05-22 22:00:00,18.2,0.0,2026-05-22,22,False
2026-05-22 23:00:00,17.4,0.0,2026-05-22,23,False
2026-05-23 00:00:00,16.8,0.0,2026-05-23,0,False
2026-05-23 01:00:00,16.3,0.0,2026-05-23,1,False
2026-05-23 02:00:00,15.7,0.0,2026-05-23,2,False
2026-05-23 03:00:00,15.2,0.0,2026-05-23,3,False
2026-05-23 04:00:00,15.0,0.0,2026-05-23,4,False
2026-05-23 05:00:00,15.9,0.0,2026-05-23,5,False
2026-05-23 06:00:00,17.5,0.0,2026-05-23,6,False
2026-05-23 07:00:00,19.5,0.0,2026-05-23,7,False
2026-05-23 08:00:00,21.5,0.0,2026-05-23,8,False
2026-05-23 09:00:00,23.3,0.0,2026-05-23,9,False
2026-05-23 10:00:00,24.8,0.0,2026-05-23,10,False
2026-05-23 11:00:00,25.7,0.0,2026-05-23,11,False
2026-05-23 12:00:00,26.7,0.0,2026-05-23,12,False
2026-05-23 13:00:00,27.4,0.0,2026-05-23,13,False
2026-05-23 14:00:00,27.4,0.0,2026-05-23,14,False
2026-05-23 15:00:00,27.6,0.0,2026-05-23,15,False
2026-05-23 16:00:00,27.4,0.0,2026-05-23,16,False
2026-05-23 17:00:00,27.1,0.0,2026-05-23,17,False
2026-05-23 18:00:00,26.3,0.0,2026-05-23,18,False
2026-05-23 19:00:00,25.2,0.0,2026-05-23,19,False
2026-05-23 20:00:00,23.9,0.0,2026-05-23,20,False
2026-05-23 21:00:00,22.5,0.0,2026-05-23,21,False
2026-05-23 22:00:00,21.5,0.0,2026-05-23,22,False
2026-05-23 23:00:00,20.8,0.0,2026-05-23,23,False
2026-05-24 00:00:00,19.9,0.0,2026-05-24,0,False
2026-05-24 01:00:00,18.9,0.0,2026-05-24,1,False
2026-05-24 02:00:00,18.0,0.0,2026-05-24,2,False
2026-05-24 03:00:00,17.3,0.0,2026-05-24,3,False
2026-05-24 04:00:00,17.1,0.0,2026-05-24,4,False
2026-05-24 05:00:00,17.6,0.0,2026-05-24,5,False
2026-05-24 06:00:00,18.1,0.0,2026-05-24,6,False
2026-05-24 07:00:00,19.3,0.0,2026-05-24,7,False
2026-05-24 08:00:00,20.8,0.0,2026-05-24,8,False
2026-05-24 09:00:00,22.6,0.0,2026-05-24,9,False
2026-05-24 10:00:00,24.1,0.0,2026-05-24,10,False
2026-05-24 11:00:00,25.0,0.0,2026-05-24,11,False
2026-05-24 12:00:00,25.7,0.0,2026-05-24,12,False
2026-05-24 13:00:00,26.0,0.0,2026-05-24,13,False
2026-05-24 14:00:00,26.1,0.0,2026-05-24,14,False
2026-05-24 15:00:00,25.9,0.0,2026-05-24,15,False
2026-05-24 16:00:00,25.4,0.0,2026-05-24,16,False
2026-05-24 17:00:00,24.6,0.0,2026-05-24,17,False
2026-05-24 18:00:00,23.5,0.0,2026-05-24,18,False
2026-05-24 19:00:00,21.9,0.0,2026-05-24,19,False
2026-05-24 20:00:00,20.1,0.0,2026-05-24,20,False
2026-05-24 21:00:00,18.4,0.0,2026-05-24,21,False
2026-05-24 22:00:00,17.2,0.0,2026-05-24,22,False
2026-05-24 23:00:00,16.3,0.0,2026-05-24,23,False
2026-05-25 00:00:00,15.5,0.0,2026-05-25,0,False
2026-05-25 01:00:00,14.8,0.0,2026-05-25,1,False
2026-05-25 02:00:00,14.3,0.0,2026-05-25,2,False
2026-05-25 03:00:00,14.2,0.0,2026-05-25,3,False
2026-05-25 04:00:00,14.7,0.0,2026-05-25,4,False
2026-05-25 05:00:00,15.6,0.0,2026-05-25,5,False
2026-05-25 06:00:00,16.9,0.0,2026-05-25,6,False
2026-05-25 07:00:00,18.7,0.0,2026-05-25,7,False
2026-05-25 08:00:00,20.8,0.0,2026-05-25,8,False
2026-05-25 09:00:00,22.6,0.0,2026-05-25,9,False
2026-05-25 10:00:00,23.9,0.0,2026-05-25,10,False
2026-05-25 11:00:00,24.8,0.0,2026-05-25,11,False
2026-05-25 12:00:00,25.6,0.0,2026-05-25,12,False
2026-05-25 13:00:00,26.1,0.0,2026-05-25,13,False
2026-05-25 14:00:00,26.5,0.0,2026-05-25,14,False
2026-05-25 15:00:00,26.5,0.0,2026-05-25,15,False
2026-05-25 16:00:00,26.3,0.0,2026-05-25,16,False
2026-05-25 17:00:00,25.7,0.0,2026-05-25,17,False
2026-05-25 18:00:00,25.0,0.0,2026-05-25,18,False
2026-05-25 19:00:00,24.0,0.0,2026-05-25,19,False
2026-05-25 20:00:00,22.8,0.0,2026-05-25,20,False
2026-05-25 21:00:00,21.6,0.0,2026-05-25,21,False
2026-05-25 22:00:00,20.6,0.0,2026-05-25,22,False
2026-05-25 23:00:00,19.5,0.0,2026-05-25,23,False
2026-05-26 00:00:00,18.7,0.0,2026-05-26,0,False
2026-05-26 01:00:00,17.9,0.0,2026-05-26,1,False
2026-05-26 02:00:00,17.2,0.0,2026-05-26,2,False
2026-05-26 03:00:00,17.1,0.0,2026-05-26,3,False
2026-05-26 04:00:00,17.7,0.0,2026-05-26,4,False
2026-05-26 05:00:00,18.9,0.0,2026-05-26,5,False
2026-05-26 06:00:00,19.7,0.0,2026-05-26,6,False
2026-05-26 07:00:00,22.3,0.0,2026-05-26,7,False
2026-05-26 08:00:00,23.8,0.0,2026-05-26,8,False
2026-05-26 09:00:00,25.0,0.0,2026-05-26,9,False
2026-05-26 10:00:00,25.9,0.0,2026-05-26,10,False
2026-05-26 11:00:00,26.6,0.0,2026-05-26,11,False
2026-05-26 12:00:00,27.0,0.0,2026-05-26,12,False
2026-05-26 13:00:00,27.2,0.0,2026-05-26,13,False
2026-05-26 14:00:00,27.0,0.0,2026-05-26,14,False
2026-05-26 15:00:00,26.6,0.0,2026-05-26,15,False
2026-05-26 16:00:00,25.9,0.0,2026-05-26,16,False
2026-05-26 17:00:00,25.0,0.0,2026-05-26,17,False
2026-05-26 18:00:00,23.8,0.0,2026-05-26,18,False
2026-05-26 19:00:00,22.2,0.0,2026-05-26,19,False
2026-05-26 20:00:00,20.5,0.0,2026-05-26,20,False
2026-05-26 21:00:00,19.1,0.0,2026-05-26,21,False
2026-05-26 22:00:00,18.2,0.0,2026-05-26,22,False
2026-05-26 23:00:00,17.5,0.0,2026-05-26,23,False
2026-05-27 00:00:00,17.0,0.0,2026-05-27,0,False
2026-05-27 01:00:00,16.3,0.0,2026-05-27,1,False
2026-05-27 02:00:00,15.7,0.0,2026-05-27,2,False
2026-05-27 03:00:00,15.5,0.0,2026-05-27,3,False
2026-05-27 04:00:00,16.0,0.0,2026-05-27,4,False
2026-05-27 05:00:00,16.8,0.0,2026-05-27,5,False
2026-05-27 06:00:00,17.9,0.0,2026-05-27,6,False
2026-05-27 07:00:00,19.2,0.0,2026-05-27,7,False
2026-05-27 08:00:00,20.8,0.0,2026-05-27,8,False
2026-05-27 09:00:00,22.2,0.0,2026-05-27,9,False
2026-05-27 10:00:00,23.3,0.0,2026-05-27,10,False
2026-05-27 11:00:00,24.1,0.0,2026-05-27,11,False
2026-05-27 12:00:00,24.7,0.0,2026-05-27,12,False
2026-05-27 13:00:00,25.0,0.0,2026-05-27,13,False
2026-05-27 14:00:00,25.0,0.0,2026-05-27,14,False
2026-05-27 15:00:00,24.7,0.0,2026-05-27,15,False
2026-05-27 16:00:00,24.1,0.0,2026-05-27,16,False
2026-05-27 17:00:00,23.0,0.0,2026-05-27,17,False
2026-05-27 18:00:00,21.7,0.0,2026-05-27,18,False
2026-05-27 19:00:00,19.9,0.0,2026-05-27,19,False
2026-05-27 20:00:00,17.8,0.0,2026-05-27,20,False
2026-05-27 21:00:00,16.0,0.0,2026-05-27,21,False
2026-05-27 22:00:00,14.8,0.0,2026-05-27,22,False
2026-05-27 23:00:00,13.9,0.0,2026-05-27,23,False
